{"_wandb":{"runtime":934},"reward":-3.7999999999999967,"epsilon":0.1,"_timestamp":1.741943786314255e+09,"_runtime":934.270662694,"_step":4999,"loss":7.527264242172241}