{"_timestamp":1.7419390554875648e+09,"_runtime":408.172754911,"_step":2293,"loss":9112.37857246399,"_wandb":{"runtime":408},"reward":-244.9999999999998,"total_steps":114678,"epsilon":0.3176558482102165}