{"epsilon":0.8998507310564098,"_wandb":{"runtime":38},"_timestamp":1.7419428356326385e+09,"_runtime":38.319315344,"_step":211,"loss":5.150796227455139,"reward":-3.2999999999999976}