{"loss":1.8970907926559448,"reward":-3.1999999999999975,"epsilon":0.46781145493277415,"_timestamp":1.741958369469877e+09,"_runtime":266.47868441,"_step":1519,"_wandb":{"runtime":266}}