{"epsilon":0.1,"_timestamp":1.741948611998544e+09,"_runtime":2083.878853444,"_wandb":{"runtime":2084},"_step":4999,"loss":1.7868641066551207,"reward":-4.099999999999997}