{"epsilon":0.1,"_timestamp":1.7419593058567348e+09,"_wandb":{"runtime":915},"_runtime":914.561760544,"_step":4999,"loss":0.20496300992090255,"reward":-1.0000000000000007}