{"_wandb":{"runtime":269},"_step":1483,"loss":2500.89768409729,"reward":-214.99999999999983,"total_steps":74170,"epsilon":0.47631044745051354,"_timestamp":1.74194001755358e+09,"_runtime":268.59892003}