{"loss":0.04967878436204046,"reward":-0.7,"_wandb":{"runtime":1856},"epsilon":0.1,"_timestamp":1.7419618098875573e+09,"_runtime":1856.37707664,"_step":9999}