{"loss":0.22140611425042153,"reward":-0.7000000000000003,"epsilon":0.1,"_timestamp":1.7420602618552456e+09,"_runtime":2415.951797177,"_wandb":{"runtime":2416},"_step":9999}