{"_timestamp":1.7419452376402562e+09,"_wandb":{"runtime":904},"_runtime":904.359355298,"_step":4999,"loss":2.238059781193733,"reward":-1.000000000000001,"epsilon":0.1}