{"_step":1287,"loss":1.2810184490680694,"reward":-2.699999999999997,"epsilon":0.5253655732871536,"_wandb":{"runtime":225},"_timestamp":1.7419580719891477e+09,"_runtime":225.42404042}