{"loss":0.05717353696585633,"reward":-0.600000000000001,"epsilon":0.1,"_timestamp":1.7419463454748769e+09,"_runtime":912.335056679,"_step":4999,"_wandb":{"runtime":912}}