{"reward":-0.9000000000000005,"epsilon":0.1,"_wandb":{"runtime":2254},"_timestamp":1.7420654851349795e+09,"_runtime":2254.549698246,"_step":9999,"loss":0.18054637052351608}