{"epsilon":0.04767915977082762,"_timestamp":1.7419427583372576e+09,"_runtime":1098.423294062,"_step":6085,"_wandb":{"runtime":1098},"loss":6.338504791259766,"reward":-4.899999999999997}