{"_runtime":2030.690792697,"_step":9999,"loss":0.21038239993155003,"reward":-0.9000000000000011,"epsilon":0.1,"_wandb":{"runtime":2031},"_timestamp":1.7420577212786136e+09}